,auto_total,credit_card_total,first_mortgage_total,he_revolving_total,other_total,student_loan_total,inquiries_12_months,number_accounts_opened_within_12_months,mort_10%_orig_vant3,mort_25%_orig_vant3,mort_50%_orig_vant3,auto_10%_orig_vant3,auto_25%_orig_vant3,auto_50%_orig_vant3,Miscellaneous_perc,Current_perc,30 DPD_perc,60 DPD_perc,90 DPD_perc,120 DPD or Collections_perc,Foreclosure Started_perc,Closed-Positive_perc,Closed-Severe Derogatory_perc,Closed-Bankruptcy_perc,auto_derog_perc,credit_card_derog_perc,first_mortgage_derog_perc,he_revolving_derog_perc,other_derog_perc,student_loan_derog_perc,bankruptcy_new,foreclosure_new,perc_3rd_party_collection_accts,total_amount_3rd_party_collections,coll_perc,coll_amt,Unknown_total,18–24_total,25–34_total,35-44_total,45-54_total,55–64_total,65–74_total,75+_total,national_per_capita,AZ_per_capita,CA_per_capita,FL_per_capita,IL_per_capita,MI_per_capita,NJ_per_capita,NV_per_capita,NY_per_capita,OH_per_capita,PA_per_capita,TX_per_capita
200509,7883729733.5,7773926909.0,75015491294.5,5683572028.0,5286513881.0,3802008738.5,3555280.0,2423040.0,575.0,634.0,701.0,539.0,609.0,680.0,0.014636144340634864,0.9424742199854197,0.01472857347504735,0.004517122966626997,0.002200152902242954,0.006238719024927353,0.0024548536060559098,0.0,0.01045175310414623,0.0022984605948986278,0.02397556351999468,0.09641156461508481,0.01146691040951788,0.00243997717134236,0.0741799182462035,0.07585745768532509,143284.0,17937.0,0.2723025700886899,2743.139568772787,0.04392551305655576,7537.849951874599,982544496.5,2193635310.5,17613714981.0,30515151132.5,29023452649.5,17591973062.5,5581865043.5,1942905908.5,53072.4216231683,57546.14102834542,84905.612410758,52715.00234070323,56063.85644109426,50942.34064531275,62235.29483287689,71058.5747090864,47975.53483330006,43847.4086108805,40104.543708447774,39410.65078005696
200512,7569850494.0,7564743011.5,73559466440.0,6116856161.0,5319098259.5,3992656866.0,3609626.0,2485942.0,559.0,624.0,687.0,528.0,593.0,665.0,0.02078976326084427,0.9360363257665525,0.014463458396533811,0.004810162581058281,0.0023677305007925365,0.006436100856525517,0.0024718568103821426,0.0,0.010229147032991864,0.002395454794319044,0.02521563538821458,0.09378785233304551,0.011970749049930167,0.003097518643777048,0.07511407714388736,0.0724215254915422,9849.0,2220.0,0.26935158082772853,2756.3856635943757,0.04426430624568064,7468.200255201542,954149807.0,2228150130.0,17564871556.0,30168118582.0,28529062142.5,17324923039.5,5450005056.5,1903390918.5,51362.57348502301,56260.76671828623,81663.9035255725,51467.654276814275,52465.63660071942,48769.63245463033,60835.6320264641,70873.41130212143,47064.107167702256,42990.83195838877,38942.4752473993,38274.88405914962
200603,7497021068.5,7971548116.5,76575189298.0,6257816185.5,5282659660.0,4454418499.0,3670141.0,2511737.0,549.0,612.0,677.0,527.0,586.0,660.0,0.02171157423394798,0.9358663331348359,0.014424571481729216,0.004558969263402629,0.0022275970146005105,0.0062701378420702706,0.0026879612842236503,0.0,0.010094417266025031,0.002158438479164773,0.025807092007907435,0.0899144114825591,0.01171552168168693,0.0032781304838472073,0.07618474346310623,0.0677857054894563,2884.0,2238.0,0.27169216282667347,2829.7373530329637,0.04210947825616988,7904.057470392626,850937232.0,2323717775.0,18675453066.5,31063297000.0,29435856187.0,18042415832.0,5667900797.5,1979074937.5,53082.68248136629,59475.464681351856,85390.60545045807,57645.865012216775,54036.78870320377,49380.180581211,62720.4721933303,75162.51341088543,48578.5241157176,43430.746914919255,39984.17837783325,38430.57136119234
200606,7585868821.0,7539573222.0,79525198795.5,6372743529.0,5291398802.5,4509879567.5,3711653.0,2524551.0,562.0,623.0,686.0,529.0,592.0,666.0,0.012040361879201879,0.9438262123635276,0.01513560502298208,0.005068359385224969,0.0023411344423808246,0.006253305179384959,0.0030178528383360513,0.0,0.010216155407409097,0.0021010134815525315,0.02545505538738606,0.0986031384814635,0.01233286671841049,0.00337001095403725,0.0756518066283098,0.06938021588311516,3058.0,2059.0,0.2714044555277646,2843.841460228924,0.040630815094476115,8337.087969924813,801293943.0,2379697630.0,18566346777.5,32000590553.5,30438480567.5,18715982288.0,5864674051.5,2057596926.5,54170.18201016589,62004.101436334415,88349.51459093936,55646.90643522759,54940.145579214135,49746.40909553584,64153.713967394826,77722.41237082433,49632.678124386126,43798.111963134754,40458.910940850044,38720.51221483081
200609,7752036707.5,7730302828.0,81998258808.5,6377438410.0,5473592753.5,4621554495.0,3694524.0,2505647.0,578.0,637.0,702.0,543.0,605.0,676.0,0.012750280202509517,0.9399886865306899,0.01660803837616753,0.005751012525333408,0.002779585623452619,0.006639664368512957,0.003363264548988748,0.0,0.010078550990508556,0.00204091683383676,0.027785590758569043,0.09851029874815662,0.013276194108491879,0.004061541615107499,0.0733791018236008,0.0745585638712673,2491.0,2051.0,0.2710228158107039,2826.410606377092,0.041898676758508065,8779.527442880517,728009212.5,2472710703.0,19157175917.5,32842153069.5,31270296781.5,19277693861.5,6089659989.5,2115484467.5,55401.98449881688,64614.59192739976,90835.96918685854,58148.668343691425,55965.31471190751,49718.92247130845,65143.99793192243,80073.57092555331,51066.40825252992,44132.77476973763,41129.81380422371,39374.39587016923
200612,7854360921.5,7865233742.0,84028694585.5,6430722095.0,5251993070.5,4960459038.0,3703270.0,2510496.0,561.0,624.0,689.0,532.0,594.0,669.0,0.012397667811685255,0.9379241087474718,0.016555807276075713,0.006255420414033478,0.003113191915040029,0.0072304559890979175,0.003988552065843353,0.0,0.010458518403257122,0.002076277377495328,0.028836955643329994,0.10318026267502121,0.015186457861743382,0.005216657088335894,0.07690134156280395,0.07570384023398925,2816.0,2324.0,0.27294743528664445,2894.2742975329134,0.04297079127920848,9458.637496768682,724896122.5,2505549392.0,19426530162.5,33455238098.0,31973333876.0,19807232601.5,6310726407.5,2187956792.5,56212.93294256684,65825.42887274724,92584.52935797458,59719.79803293687,56608.990630804314,49530.60797383156,65434.23537774494,82165.71626226426,51934.363007809145,44343.256217707065,41742.1181410064,39420.259169438286
200703,7930962612.5,7742410105.0,86534072570.5,6515257714.0,5323033957.5,5274801221.0,3778189.0,2531459.0,560.0,622.0,687.0,522.0,581.0,658.0,0.012065053598084328,0.9357974391976724,0.017276096357206037,0.006127738590936819,0.0034701660821679753,0.007943639472746703,0.004991667181378314,0.0,0.010227936276601917,0.002100263243205478,0.029384960172764905,0.10390202883731124,0.017877782300603225,0.006862928829955413,0.0777070929478473,0.07310712334803261,3110.0,2897.0,0.2719685821971268,2848.1222014457553,0.04394967345718711,10281.59128086085,665898768.5,2584631424.0,19900815966.0,34050306752.0,32738825090.0,20524321288.0,6558151560.5,2297587331.5,56884.829801805034,68132.89092707046,94770.28706311116,61215.05430277459,56546.7103873137,49689.940256714515,66108.62672530013,84622.416472099,52518.934627058996,44752.76652061701,41380.79077707146,40257.93245406824
200706,8006844202.5,8094173136.0,88832207007.0,6416255489.5,5499295089.0,5355227205.5,3772085.0,2553932.0,562.0,624.0,689.0,537.0,599.0,670.0,0.011728960733880873,0.9329057814177698,0.01809130729333378,0.007212057028754579,0.003602013815664885,0.008451037580631694,0.0056766493315405,0.0,0.010034200186836525,0.0022979926115873845,0.029260168560148778,0.09939789648453104,0.019725321513873035,0.008004311328319963,0.07571734263412974,0.07746912111850639,2465.0,2390.0,0.2727407300603177,2915.3256305948444,0.044424368982781084,10995.598723435969,683058384.5,2601494479.0,20198227338.5,34740151553.0,33625202855.5,21162279695.5,6820544638.0,2373043185.5,57800.30324276515,70125.55917698919,95786.91160482442,63039.896390901384,57470.879655764336,50038.4212175085,67367.16387943916,85819.74421956985,53680.53557319907,44830.07149241458,42178.599519408104,40592.87773080781
200709,8073092227.5,8299382464.5,90808140315.5,6328646951.0,5598122001.5,5536113171.0,3755060.0,2532593.0,579.0,637.0,702.0,541.0,605.0,676.0,0.019062612291781238,0.9187918906682975,0.019707419946010725,0.008527221294849695,0.004362836822754326,0.009509599375683775,0.0074237094657853995,0.0,0.010391051469285817,0.002223658665551567,0.03223543942846651,0.09994367611662681,0.024694079690532344,0.01029988210824434,0.07706070167538488,0.07190138572042569,2496.0,3312.0,0.2739257693226933,2985.8951798899075,0.04455322373306895,12536.59223357448,897057035.5,2666501443.0,20526015636.5,35165105150.0,34228961813.0,21703351452.0,7049171312.0,2407333289.0,58734.9242136225,72245.20397036892,97854.01092879669,64526.47993994217,58397.81875754267,49640.78152714997,68929.52029254223,87996.10031992687,54407.43838706936,43743.164286819214,42473.757440315145,41263.615302149934
200712,8066274029.5,8547768817.0,92571550832.5,6552404916.5,5705875470.0,5782787646.5,3719924.0,2503146.0,573.0,633.0,698.0,538.0,601.0,673.0,0.012436481435642056,0.9179982662940847,0.020862384006493595,0.009559761292434217,0.005682186632676646,0.011780513410725087,0.008879809053367957,0.0,0.010602024810282166,0.002198573064293623,0.03535437891857453,0.10063195442175,0.030737333845130277,0.013708679583248402,0.07870032782191091,0.07788774446397095,2994.0,3505.0,0.2730362489329957,2972.8950918431783,0.04941155147301321,14169.522334934201,1007912550.0,2715354750.5,20658783203.0,35706596793.5,35030096285.0,22287250638.5,7341191794.5,2479475697.0,59431.88193845605,73504.71862533045,99087.23026905204,64850.43151216796,59045.303521647606,50054.131184354526,69118.55922257171,89182.10719127783,54796.41902135667,44000.810578811615,42987.35981799277,41828.89389562873
200803,8033575220.5,8552093701.5,93713465046.5,6725724981.5,5603303369.0,6095763130.0,3697328.0,2427482.0,588.0,647.0,717.0,532.0,597.0,670.0,0.013036767241571382,0.9116360143009579,0.020037311878916424,0.009480375487643897,0.006122333814409964,0.014477209225089532,0.012029435127143486,0.0,0.01094302278373335,0.0022375301405340845,0.036542728914876414,0.10047546536461438,0.03926007349290101,0.019078478432132128,0.08367592429386451,0.07670288141593191,2675.0,4223.0,0.27567229098455437,3011.032597412898,0.047628369452559716,18193.529249243387,981624148.0,2739155700.0,20641934123.0,35856633660.0,35525769669.5,22747673653.0,7639198174.5,2591936321.0,59854.639057587876,74849.36214374226,99405.39567021267,65712.22991212118,58441.48380984797,50059.38760626653,70099.18053451211,89347.51593212746,55558.63332952163,44962.2188683488,43698.64480742668,42529.77473979056
200806,8045006640.5,8638437137.5,94469586072.0,6872130396.5,5603314383.5,6149755670.5,3577960.0,2341138.0,601.0,656.0,724.0,544.0,610.0,681.0,0.01500409266246943,0.905985624986959,0.020109901406090796,0.009520023548165458,0.0058775873020751246,0.01478358448529875,0.01428134812910035,0.0,0.01215414440347722,0.002283693076363811,0.03815574234018558,0.10837714584225623,0.04291365732152374,0.02326108386729882,0.08541850461030802,0.07688234733747704,3157.0,4505.0,0.27606685367593964,3048.725251109554,0.04556798980767021,19663.500753297598,837145526.5,2682784514.5,20653946219.0,35931119812.5,36010733112.0,23139075583.0,7864391822.0,2659033711.0,60609.5363949397,75925.08075659079,99933.99506694294,66174.91344106867,60207.720974552096,50275.05439010439,71084.25462970222,89383.34755001124,56174.993802713325,45251.66999702647,44336.82292081821,43241.922394877074
200809,8066215575.5,8761597828.5,94198140678.5,7066291928.0,5491833265.0,6427470217.5,3389853.0,2212641.0,567.0,634.0,706.0,541.0,606.0,679.0,0.013640952418580987,0.9012698838368116,0.022215696876649486,0.010997999097587757,0.006387458769920377,0.01688992587630247,0.014393949662916352,0.0,0.011788698876960319,0.0024154345842705926,0.04027364821325931,0.09850246848727519,0.046789740819225954,0.025166831743156367,0.0860989316652169,0.07753147679209764,3275.0,4394.0,0.2769069532574935,3072.5213173088664,0.04623568514980377,22223.986498932263,1101008309.5,2625017114.5,20385701609.5,35614448793.0,36172034197.5,23358667634.0,8062212870.5,2692458964.5,60837.522323281526,75587.83765578849,99482.71630054619,66226.58706149537,60564.384783229565,49648.897877737014,71937.95977806419,89072.57390912165,56582.325005943574,45519.26943725319,44750.46709907572,43625.40896101572
200812,7946161126.0,8841559230.5,93974638179.5,7236188423.0,5297584900.5,6749235901.0,3212581.0,2097512.0,566.0,630.0,703.0,536.0,600.0,673.0,0.014445971397149725,0.8885102254645333,0.02445550096299541,0.013380694702672351,0.008053348466273532,0.020730548191958412,0.014980794449271737,0.0,0.012827711826477642,0.002615204538667932,0.04480725086671242,0.10457174819465798,0.05516720610402869,0.02775706494341517,0.09374683838537945,0.07960111853852951,3390.0,4046.0,0.2792994906753905,3129.8490645186907,0.04907395723799509,25673.883049540025,1304013330.0,2562522192.0,20044250688.5,35314174821.0,36232432170.5,23609872481.0,8240349811.5,2737752266.0,60775.96343521439,74993.1735430511,98666.57413367128,65768.35757327262,60752.736398423665,50034.73355390644,71953.04215326176,88086.13113877,56405.0706380308,45387.97839918825,45022.092417676235,43672.15405130164
200903,7727040956.5,8788746605.0,92678126450.5,7385140877.0,4842377550.0,6949436438.5,3065054.0,1978792.0,598.0,660.0,736.0,537.0,605.0,680.0,0.014241711308697377,0.8802029287331915,0.023484967086862273,0.013304710538571076,0.00930209283805274,0.0264178960978771,0.018006640304863975,0.0,0.012254452371130794,0.002784600720753192,0.04903545893350928,0.1155556604535875,0.06806020302826234,0.035646231518732883,0.06343714927804421,0.07984687757209998,3955.0,5132.0,0.28081665913815074,3170.246835975529,0.05127634642359847,30913.64128274781,829784479.5,2524676730.0,19762659919.5,34632566795.5,35947691969.0,23542363279.0,8344493746.0,2786631959.0,60002.45340341129,75232.41843904066,97314.42593729078,64892.900843851,59780.51507422742,49268.94618827627,71559.6495793033,87195.37943062901,56529.52470337554,44853.764938330736,44661.71585134623,43156.50307681561
200906,7517855413.5,8571858371.5,92203044151.0,7418676639.5,4858291463.5,7075508507.0,2886623.0,1850627.0,618.0,679.0,748.0,543.3000000000002,611.0,686.0,0.01583671266843504,0.8711709963949037,0.02173137448778283,0.012621768421126592,0.008820052381934224,0.03027659226954749,0.022660851204418454,0.0,0.014389669845747945,0.0024919823261037514,0.049167194787524494,0.12148889206597643,0.07833912479256967,0.04011171459011804,0.10619779656618372,0.08342489948475444,4119.0,5406.0,0.28270332045683255,3213.9082235464098,0.05173154403914987,34994.90851179427,495168384.5,2436799494.0,19456747557.5,34149921439.5,35917898207.0,23866479902.5,8504190816.5,2818028744.5,59793.40854171244,73258.7398740415,96476.91733895942,64729.381377720645,59266.608933298194,48871.83168359628,71069.43100618609,85469.73515130984,56584.0175271143,44639.82087279703,44325.16136595532,43141.23140354218
200909,7568437202.0,8473224394.0,91124974862.5,7361459505.0,4746086713.0,7264423400.5,2727374.0,1718738.0,598.0,658.0,734.0,548.0,616.0,691.0,0.01764022892856669,0.8652476921381284,0.02234482073620638,0.012592109186270059,0.008253746709241143,0.033778552980890685,0.022623531590493323,0.0,0.014877752212272775,0.002641565517930547,0.05096645452750365,0.12497103213150193,0.08228998008849793,0.042249471492542025,0.11028318521158044,0.08542744093871046,3943.0,4700.0,0.2831790829922281,3251.776056820713,0.052851174350385874,38024.79369350936,674016956.5,2340165610.5,18908587370.5,33530025209.5,35680642584.0,23948896734.0,8605007160.5,2851264451.5,59494.999749397946,71521.85838435948,95188.14449013982,64215.75728887462,58632.572134591544,48582.901527412505,71793.76241717889,82147.87086976269,56919.850562208114,44570.548031780425,44848.30010910479,43042.66148703558
200912,7486740444.5,8330348527.0,90652372994.5,7334839082.5,4564406296.5,7592991106.5,2655496.0,1692151.0,591.0,650.0,723.0,533.0,595.0,668.0,0.020585762468885806,0.8595037846420112,0.020921871087779202,0.012061059426607854,0.008437666378476365,0.03736071219150792,0.022095477829489816,0.0,0.015647707892402815,0.0033859580828391176,0.053203814190275686,0.13056610656501527,0.08758895087039519,0.044504863341696906,0.11680757986177229,0.0874246422377263,3883.0,4277.0,0.2826956118136588,3273.7813986626265,0.054723365967646195,40384.264813654736,515500559.0,2343823224.5,18841625219.5,33119998735.5,35509835710.5,24035475291.0,8725127665.5,2870312046.0,59152.0550091197,70360.38745077323,93929.74538281366,63318.68572108732,58502.6729908922,47728.02439570278,71871.2747203722,80869.56040669857,56722.19812361602,44330.63589644839,44937.032294617566,42985.8819391262
201003,7279313924.0,7985088516.0,90619839773.0,7252320356.0,4390197168.0,7940226101.0,2539278.0,1645953.0,591.0,648.0,720.0,533.0,597.0,671.0,0.019431548504304636,0.8618395777604637,0.019399565007026866,0.010951863877356565,0.007550170633915823,0.0396776823620182,0.021459525850700226,0.0,0.016082744855331146,0.0036073211488828307,0.05507956947399814,0.13782317212825246,0.08857552515107778,0.04456234248293044,0.12414141350473397,0.08716305357007868,3885.0,4259.0,0.28377906137184117,3305.393136108915,0.054604171520800535,43000.7446683539,566698026.0,2345288011.5,18558697735.5,32544202150.0,35213025978.5,24455813664.5,8871792519.0,2911467753.0,59177.34851470579,68902.12389985372,92705.00425026186,62358.44362577362,58354.285725839065,47778.04811904242,72525.08429850172,79257.97708879516,57123.10717747104,44307.213170441726,45400.49417742378,44953.49659100278
201006,7224342869.0,7782900626.5,89125617523.0,7110507196.0,4260379068.5,8004135117.5,2507317.0,1635755.0,592.0,648.0,722.0,551.0,616.0,683.0,0.01854954782214552,0.865403702857651,0.019839627389563925,0.01012463089963024,0.0066463709404240975,0.03799866069099571,0.021038443344645028,0.0,0.016445508549920513,0.003953507505024013,0.053198425582643816,0.13707555013197753,0.08535580743703478,0.04467930061004891,0.1269278962752936,0.0893106661751703,4934.0,4529.0,0.28405840778229513,3350.178784906064,0.05294381614430565,41916.08195418211,462906005.5,2260260019.5,18229740502.5,31992643462.0,34733052441.0,24008289852.0,8912436227.0,2908553891.0,58401.98828370112,67473.0794454812,91215.22430663896,60601.625825203344,58295.69768410819,47062.17602546175,71696.81274538199,76637.9594795539,56959.53670824584,44094.873094132236,45062.96764106799,42766.57088810251
201009,7281432506.0,7657351253.0,87884145323.0,7017280690.5,4121522016.5,8199900498.5,2484480.0,1606594.0,614.0,673.0,742.0,548.0,606.0,676.0,0.017043140284832614,0.8684554125170747,0.020161032927291794,0.010203997091053522,0.006418191266917341,0.03551091415748778,0.02118643306442485,0.0,0.016630630951448764,0.004390247739468672,0.05346397218943061,0.13276212777906898,0.08246484077263147,0.04875348444635514,0.13082120326943544,0.09069501540122865,4178.0,4262.0,0.2830855887451162,3379.3437385818333,0.05250581806590815,39248.262786237094,484640246.5,2220251929.0,17937629811.0,31323354443.0,34291084211.5,23950833153.0,9006038699.5,2947799794.0,58031.79653775793,65901.58038757426,89572.38358100451,60084.257923008736,57544.83942358079,46578.97448358769,71335.18820261015,73863.25586800574,57072.692194072886,43916.10906678407,45287.89473684211,42672.30380883252
201012,7300170641.0,7653346514.5,86474177750.0,6930228704.5,3998823325.5,8522785255.0,2507650.0,1674567.0,626.0,686.0,751.0,544.0,594.0,659.0,0.01619262404089474,0.8707674297425209,0.01849108916121091,0.010098276928109535,0.0061695601148149615,0.034203987040453965,0.02191161134149525,0.0,0.01731676080778636,0.004848660822713394,0.05716084513920885,0.132388828413866,0.08215219926158823,0.051054551456614194,0.13512805943544304,0.09147576269654585,3970.0,4181.0,0.2839749181852796,3422.918177338713,0.06521533164113043,29883.93506873672,490783770.0,2221673411.5,17640369711.0,30717057308.5,33803853241.5,23907772473.5,9130328941.0,2967693333.5,56978.466689999266,63721.745853294495,87415.89676955804,58447.30128286549,56299.13800467636,45719.45387521148,70243.9602438633,71454.87232586001,56421.09680044445,43424.57291515063,44650.89742209725,42297.9224287508
201103,7233068306.5,7311876484.0,87485934112.0,6653101121.5,3874455894.5,8803480460.0,2529671.0,1683674.0,604.5,663.0,736.0,542.0,609.0,678.0,0.017135269733334634,0.8743122782527,0.017340120346623106,0.008715670117643156,0.0056303171941428885,0.033782638671535734,0.02120165569465114,0.0,0.01733242048057052,0.004549629508798833,0.05433971806222151,0.13154494637658598,0.07952688589451407,0.05482790962265701,0.1403562548671568,0.08985150885426058,3446.0,3344.0,0.2824113239834971,3469.106757005164,0.04985447681173424,38761.18677085106,516402357.0,2224960165.0,17545134254.0,30771617106.0,33881978788.0,24143369264.5,9252611272.5,3025843171.5,57201.532001432846,63815.466147084255,87737.20822060858,58270.94619479319,56704.709555756395,46042.6366309691,71014.4818765036,71268.51389285103,56360.450031335684,43463.919701583436,44733.74573249249,42309.40560336416
201106,7307655481.5,7280389223.0,87452481370.0,6538658405.0,3752651667.0,8928375945.0,2560265.0,1706551.0,615.0,669.0,737.0,556.0,622.0,688.0,0.017174850468911446,0.87904421319639,0.016837165210954765,0.008449952501541309,0.005000318785872408,0.0325045599213189,0.01963775056490208,0.0,0.016671780488677786,0.004679408861431267,0.05362558497620384,0.12217938433701789,0.07472863451238627,0.05845403939556313,0.13341250279172262,0.09169866519324753,3715.0,2798.0,0.2836804457030858,3498.7819244992456,0.04846376554977057,38299.43573698172,493669096.5,2139149758.5,17401388065.5,30588443553.0,33858484245.5,24321079367.0,9382079390.5,3075918615.0,57103.83031607193,62794.412699370216,86882.69427109337,57770.93000329361,56966.342620577845,45644.18734590865,70310.06158897966,69432.46259921201,56356.70612940818,43504.53226179464,44976.698010491935,42295.20236905144
201109,7427398107.5,7298812468.0,86318628766.5,6686793365.5,3788857212.5,9152488470.0,2569342.0,1709251.0,614.0,669.0,739.0,564.0,626.0,691.0,0.01812588343871737,0.8792201278492038,0.01755012387823438,0.008871380567405584,0.005115242680967526,0.03200829855228039,0.01834161115462628,0.0,0.01662172357275817,0.0041456083058065635,0.05332566920037011,0.115097983703943,0.07242448053028178,0.05655503203540708,0.1339722254048918,0.09021547114825265,3255.0,2669.0,0.28399946873377524,3515.48350254465,0.04812423645988869,37829.06536898291,491459334.5,2114748590.0,17221507920.5,30208228987.0,33552178411.5,24356791312.5,9593897379.5,3134166454.5,56875.71564917877,61894.40177191966,85803.66147436363,57465.175065329866,56903.89424315947,45394.35534007541,70911.38984192131,67529.599292399,56540.45507797194,43523.28781653479,45242.523683572486,42169.753474293684
201112,7470074192.5,7454911906.0,85122429411.0,6629378635.5,3735983175.5,9266255999.5,2614728.0,1766827.0,616.0,674.0,743.0,557.0,622.0,690.0,0.019070273816446298,0.8788323809967084,0.01722550888247766,0.00833892297852661,0.005155386874242844,0.031665798100716146,0.017764397476501943,0.0,0.016401057967703178,0.005546272906676917,0.05268461033427681,0.11345444690221937,0.07348611440349297,0.05618754146962466,0.1329370190307486,0.08585762033154802,2993.0,2764.0,0.2857928011496814,3592.118492584438,0.04805324352558276,37178.29287578237,402369343.0,2131667513.0,16995440725.5,29699722785.0,33219209037.0,24210329403.5,9846627619.0,3173666894.0,56418.52309369096,60427.04731883884,84220.59797385964,56388.065360278975,56265.52745725253,44996.48258133599,70755.02952053252,65779.43120757515,56264.95708782501,43437.6323815585,45399.203009844976,42179.639071375335
201203,7466898981.5,7196350838.0,84605681810.5,6485046252.5,3637764023.5,9557945951.5,2682361.0,1765437.0,632.0,691.0,754.0,533.0,597.0,672.0,0.021738278856164,0.88129835807207,0.014470546018263223,0.007521171182658057,0.004784385430096924,0.030761360634115272,0.017461684779604383,0.0,0.016302396420098987,0.005661818606929084,0.04985860380894186,0.11383801595305157,0.07167049859111779,0.054789837676643464,0.13259390009468547,0.08631091546092429,2824.0,2792.0,0.28481542360178896,3628.6898520894083,0.04815609301303175,35996.59857845549,376872955.0,2120993683.5,16720519085.0,29396561544.0,32898209887.5,24139284566.0,10079338697.0,3217907439.5,56351.718960520055,60088.321119654014,83723.07687447175,56000.50056590567,56313.973507104565,44715.24588250934,70741.36813639892,65539.13073709511,56468.29278927348,43450.42221579795,45592.6949687632,42336.10349038715
201206,7611476771.5,7185647185.5,83967692957.5,6231594465.0,3538993038.0,9778660875.0,2698066.0,1802698.0,622.0,679.0,746.0,558.0,624.0,692.0,0.01816684667783325,0.8880792139526,0.015379452806405647,0.006692195099902391,0.0044705462676171695,0.031472469991579634,0.014984607350926556,0.0,0.01493324795434951,0.005821419898785784,0.04683804072488064,0.10945892877779394,0.06969800795244149,0.05656887414287155,0.07710347323944071,0.08796905338022575,2965.0,2639.0,0.2835475037890698,3572.607022618757,0.04686557624540547,37672.988633259476,370726359.5,2048708153.0,16576501413.5,29163031241.5,32725846834.0,23899101292.5,10270009827.0,3260140171.5,56098.75302626987,59495.02526727321,82653.24240235376,55471.00532333646,55766.00958011555,44375.98330406811,70610.96438857069,64594.341719800104,56448.09339956408,43328.10647134103,45891.81510460111,42568.822445250895
201209,7796386406.5,7206840141.0,82968400341.0,6122304738.0,3549350526.5,9992969447.5,2687933.0,1808960.0,622.0,680.0,746.0,560.0,623.0,690.0,0.019944981879123625,0.8882697618916299,0.015860988871325695,0.007079693603535903,0.004379331736525769,0.030149231552741226,0.013765733461989341,0.0,0.01628955117515709,0.004260725827971466,0.04647252099997617,0.10448811584094772,0.06344193011274536,0.0559059863315154,0.07492803359781096,0.11121578329032512,2610.0,2351.0,0.28420737735399887,3595.913632498688,0.047364637477041054,35437.36724386003,377843395.0,2036369460.0,16517595239.5,28784399682.0,32427516160.5,23759491660.5,10425016503.0,3308019500.0,55672.33279926134,57944.91523359301,81166.0855750939,54919.83368665493,55316.33183806672,44003.53746705344,70111.10523167459,63324.07330515735,56317.52864795253,43407.78080779568,45983.24444148138,42735.4637793552
201212,7934229753.0,7356551831.0,83058671754.0,5973767725.0,3482246309.5,10064182102.5,2677059.0,1860308.0,628.0,686.0,749.0,530.0,599.0,677.5,0.017973146916410648,0.8917365287685309,0.015416519427127108,0.007229749212758487,0.004212315568184564,0.030104665830474168,0.011871191776105008,0.0,0.015655277832071452,0.005800604668337587,0.04378573236660342,0.10517600674538087,0.06180310371087517,0.04639881156410379,0.07685091510325284,0.11664823539991187,2443.0,1952.0,0.2861367917798215,3608.8617840163006,0.04853838761990527,34504.005299442826,369806654.5,2022744387.0,16488040771.5,28749154796.5,32268898952.5,23934712280.0,10655900774.5,3380390858.5,55631.53542692032,57242.1564628306,81180.59568056355,54488.808018226286,54810.54185973226,43813.935573116716,70055.20966075148,62565.745729902075,56312.07228117756,43422.5794066746,46116.43763814686,43013.31271766169
201303,8040523456.0,7118861714.0,82218461127.5,5791345583.0,3442019532.5,10270433018.5,2632350.0,1886556.0,635.0,691.0,751.0,545.0,611.0,683.0,0.020122383916136494,0.8955074240920888,0.013792667196300422,0.005960157703875144,0.003935820656335852,0.029207829057373815,0.011067618168720511,0.0,0.015319460657908377,0.005086638551260585,0.043406817467780544,0.10375033188908493,0.05790372204993323,0.04563338488653959,0.07596147887344971,0.11474606828915565,2239.0,1710.0,0.2869937623185268,3552.320613556258,0.04701566874675012,34230.67141109585,388411843.0,2059585795.5,16293208513.0,28316892940.0,31863930501.5,23784930389.5,10767392849.5,3407291599.5,55100.90821476606,57082.7461610442,80230.27216914295,53550.22863720824,54322.22863377521,43298.97651540831,69642.60498943736,60201.45512638455,56185.881903508496,42992.15878975265,45896.41535023846,42835.85039299363
201306,8212897361.0,7125324640.5,81015695170.5,5658253674.5,3439128153.5,10296520217.0,2628184.0,1910848.0,623.0,677.0,742.0,557.0,622.0,689.0,0.01738386633209651,0.9038551024262793,0.012862279912236492,0.005648729556400762,0.003486780495996807,0.02614280149267445,0.010374968397880843,0.0,0.015498080556808734,0.0047473908296260525,0.03905280815063628,0.0985441590280619,0.05319874063821355,0.044836535280016104,0.07244805365756196,0.1105349368538029,2585.0,1808.0,0.28583874881194316,3485.9884391577466,0.04586259262957778,31078.644903199303,360523729.5,1990937967.5,16123371237.0,27875825316.0,31432938403.0,23671902895.0,10852822173.0,3439497496.0,54521.594828853136,56460.987813353786,79571.17263903006,52368.56198074787,53880.15092942439,42766.11948141924,68283.05202792017,59131.16863888574,53759.8630965965,42227.090563352634,45659.24044493882,42706.76135963258
201309,8521483882.0,7289751703.0,81984158842.0,5545620989.5,3541053960.0,10735886561.5,2665508.0,1950225.0,629.0,676.0,740.0,558.0,623.0,691.0,0.01683349275380773,0.9058008545111909,0.013433203756175278,0.006094285322198982,0.0034905556488025896,0.025030313178133104,0.009146935533101001,0.0,0.015541723148662666,0.004628636147927748,0.03780550007029867,0.11540105455907324,0.0473683448040761,0.04432364066448072,0.06983102962938187,0.1176308191471384,2216.0,1584.0,0.2790859185834103,3393.410560202745,0.04266472368114798,31740.709337804037,356851429.0,2207315883.0,16440301271.5,28166667524.0,31726679317.5,24083721766.5,11113128612.5,3523290134.0,54102.74269057496,55514.03093700272,77465.58606170313,51258.91156171923,53560.258366051865,42257.20211997805,67359.89648868436,57578.84729132117,54623.89945482926,41967.30875924681,45579.35726500381,42510.223304295585
201312,8664481688.0,7328297679.5,83771610181.0,5479061603.0,3571395828.0,11232798025.0,2679848.0,2006424.0,610.0,664.0,731.0,552.0,617.0,684.0,0.016292666327829112,0.9091452639817204,0.014191258020397978,0.006159066876924443,0.0034937642090711405,0.02300323921719985,0.008254308749354105,0.0,0.014752305527806186,0.0047081270896968735,0.0380737982811927,0.0959166112979131,0.04401918202995655,0.042685754321861016,0.06546157658220796,0.11751054782274517,2038.0,1425.0,0.27367407830701707,3327.194549713691,0.042959533027686486,29382.810673206855,383480992.0,2274174922.0,16914753488.0,28770881366.5,32257230863.0,24407668875.0,11431566790.0,3607887708.0,54873.65555969484,56566.605505012994,78640.7236581606,51562.31770911831,53936.70030069216,43098.13517845079,68494.50230930612,58335.94730781884,55351.886644635415,42763.863764649606,46205.48716197908,43432.80806212357
201403,8749287592.0,7124118378.0,83463506952.0,5411298308.0,3578752459.0,11582524633.0,2651393.0,2000727.0,601.0,653.0,720.0,539.0,607.0,678.0,0.01663413126777599,0.9135552891639,0.012475279216294878,0.005655660598591475,0.0034169966466684196,0.02065321983402734,0.008645083971305782,0.0,0.0143886431060973,0.0045756961953388195,0.03805162208914163,0.08680831426240515,0.04204005708168868,0.039733992151592915,0.0642839183865441,0.11151649544693872,1721.0,1404.0,0.27460164885256355,3351.6843766983257,0.03988668203671199,28328.952442232898,441654752.0,2336500253.0,16924315649.0,28521815163.5,31995820180.5,24465744541.5,11551510298.0,3672127484.5,54710.496841505876,55902.58310787374,78488.32188329377,51128.60830073664,53812.118540964446,42917.69620926688,68033.44218373542,57532.483254240986,55353.8374570709,42735.84988506573,46043.52985212168,43500.182938607664
201406,9005538195.0,7190964036.5,82805883553.0,5341274196.5,3650898544.0,11624401355.0,2663205.0,1990449.0,608.0,661.0,728.0,552.0,620.0,687.0,0.01763606599753357,0.9165623919819023,0.011993787363970181,0.004986879079189666,0.0032139351979458123,0.01919452622145639,0.00777715416881453,0.0,0.014136012507518218,0.004499247481669375,0.037115415121505686,0.08064742606921255,0.03853912748189477,0.03816100025974392,0.062157976526887565,0.11215183936669916,2039.0,1155.0,0.2714691252188108,3238.6543238895156,0.03807893536627539,27472.680370924318,438202631.0,2271558510.5,16840279550.5,28377462380.0,31809967040.5,24477119487.0,11685048379.0,3719321901.5,54501.49735987567,55620.401150168596,78215.66960915053,50513.686500420125,53330.713030946084,42641.127222126335,68075.49093114241,57139.959081782166,55146.59907969379,42654.71643704325,46006.177082881084,43489.71935487678
201409,9314404244.0,7317965252.0,82749510094.0,5300390517.5,3754121752.0,11709028570.0,2661249.0,1971443.0,603.0,656.0,724.0,548.0,614.0,683.0,0.015183211294935843,0.919007562504557,0.012903777559376193,0.005631170810184959,0.0032409880427235233,0.01841879638931827,0.007293111342634689,0.0,0.013903718456586634,0.004417663599682897,0.03562559239510713,0.07739305264468342,0.03670708495493851,0.03692039744126269,0.06007954999856915,0.11297823483746099,1816.0,1125.0,0.26884447817723856,3149.3974064061977,0.03748331805100364,26799.080060551016,394979013.0,2273836825.5,17006691612.5,28473387147.5,31777493822.0,24573782992.5,11865712716.5,3779536300.0,54537.680972818634,55465.79162547988,78238.364513819,50108.998851184166,53364.93661174339,42948.5690450936,67623.95856082113,57376.80541632983,54894.610369621565,42553.172280210914,46181.6726505724,43844.28261239183
201412,9477801860.0,7570012465.5,83181238607.0,5290195378.0,3824131509.5,12028474587.5,2740007.0,2066718.0,594.0,647.0,710.0,546.0,607.0,674.0,0.014430241010569689,0.9221743289281381,0.011030330771787833,0.005254456925893287,0.0032956420082124304,0.01812801682680758,0.006591161203767241,0.0,0.01423029933860245,0.004865522986221331,0.03850931375136386,0.07533312469417888,0.035789783043089614,0.0352217248487415,0.05994425791334047,0.11556300534105443,1837.0,1279.0,0.26537053962944185,3047.1888738711714,0.04053794766707705,24503.641961421952,532741688.0,2328964192.0,17115345209.0,28565050178.0,31961745285.5,24890604530.5,12128094451.0,3849308873.5,54795.14747669425,56025.57315678741,77811.32764824935,50225.12817311402,53660.27245748395,42767.23234614397,67694.77009447111,57389.10619256251,55302.19615492096,42930.31565094633,46597.12824488302,44471.280121130316
201503,9557640386.5,7342511594.5,83030141169.5,5229967582.5,3813486271.0,12474864403.5,2735923.0,2047640.0,615.0,665.0,730.0,538.0,607.0,678.0,0.01362174103373764,0.9261191785767433,0.009580635962118092,0.004630920592520403,0.002980398646020641,0.017161692932055106,0.006440726595674313,0.0,0.014950919619060116,0.004513786042070355,0.03678979620290613,0.08639718846003383,0.03377348490562475,0.03396003621404856,0.06187058933298045,0.11131520412441491,1452.0,1010.0,0.26669618502191256,2965.2500148865297,0.03625658548231971,25896.62263306993,432435427.5,2393116959.5,17195982785.0,28473997482.0,31890044413.5,24801157323.5,12352027143.5,3909849873.0,54710.40158547106,55767.42848849123,77035.5342132612,50045.69345213167,53412.133885776006,42967.07925141928,67766.49220632763,57621.89764449407,55266.87267267719,43045.69544092978,46702.20347453337,44499.97818683101
201506,9885613693.0,7534230123.0,82573316928.0,5185214700.0,3914451042.5,12449242876.5,2815397.0,2105976.0,612.0,663.0,728.0,546.0,615.0,684.0,0.01550246404701738,0.9246678456028716,0.011489628943450557,0.004459335153174506,0.002919146155397025,0.016177145488017783,0.0051014861829294725,0.0,0.015254599651932701,0.004428348775208931,0.03697406133306812,0.08504030724308154,0.030350885851966727,0.03672284678973852,0.05584000135058529,0.11341714861755192,1915.0,958.0,0.26671653078007035,2901.4110395814732,0.034436104426316304,25554.362233890464,419009652.0,2357906573.5,17220080681.5,28335336565.0,31891904693.0,24854178466.0,12492411184.0,3971241548.0,54397.27837559262,55499.88038861274,76507.10506244746,49799.9436623127,52855.25614861915,42884.67996787811,66340.47855849219,57335.92070924971,54348.93925502288,42943.84822196731,46405.771880369415,44723.23996698175
201509,10237951352.0,7679800562.0,84039539093.5,5032597328.5,4003533850.5,12091003291.0,2807095.0,2113388.0,620.0,668.0,732.0,548.0,617.0,687.0,0.015112267240829962,0.9266730658937036,0.011939663034529436,0.0046651477778150395,0.0028503287571840876,0.015148727698622166,0.004848196842817326,0.0,0.014798550490313393,0.003964052264185051,0.036611802802401124,0.08378786458126776,0.027547457565471802,0.029637491192734913,0.05324778145022456,0.11792344730906748,1584.0,928.0,0.2629864711459638,2818.203574877184,0.03595529722518319,23177.36233964797,428077177.0,2304977838.5,17520620991.5,28687978870.0,32266943257.0,25119477522.0,12708168988.0,4048180833.5,55011.151325507446,56409.92708710612,78172.33799215662,49836.28777950439,53371.57737542383,43644.005789526156,66778.98865082895,57761.06708501812,54696.42782299804,43230.09200305464,46720.262618846,45816.395942782096
201512,10387589427.5,7941456019.5,83919286316.0,5020485293.0,4045722614.5,12449506465.0,2785504.0,2166004.0,617.0,667.0,731.0,541.0,610.0,682.0,0.015074598708233827,0.9283077653886194,0.011240035781288009,0.00489273716727905,0.0031559408260810255,0.014315625428569399,0.004297612065928044,0.0,0.014450399500853186,0.00426528513314807,0.036634736206703045,0.0765293494049048,0.026250523862951295,0.02767401722971246,0.053248325831311144,0.11767367719504213,1470.0,982.0,0.26059267008812137,2745.6389946470986,0.036718878886377114,21514.471123955704,380065351.0,2368048317.0,17832007192.5,28893201885.5,32271341360.0,25136301759.5,12788462035.0,4094618235.0,55183.56591870767,56805.91335560773,77319.2387917696,49978.81166889094,53524.930548576915,44141.484770417606,65551.54109589041,58374.9216842325,54628.74175738262,43528.40563741574,46878.36944602105,46234.48780848318
201603,10525634046.0,7708330738.0,85315706611.0,5002445877.5,4042073487.0,12837981684.0,2777653.0,2189127.0,611.0,664.0,730.0,526.0,597.0,673.0,0.01503393584169498,0.9317205129739916,0.009984679517243748,0.003888004452921935,0.002823225246772412,0.013646144833942083,0.004369422970385627,0.0,0.01453604142765913,0.003998032735388434,0.03785193521443088,0.07992877484650555,0.02485939976644988,0.02619461393663024,0.05508338188706464,0.11290760359991178,1373.0,905.0,0.2572827148515384,2653.2321508699983,0.034251197663451124,22202.319142864555,335431274.0,2519360284.0,18042267355.5,29107279871.5,32639687346.0,25475700011.5,13102311742.0,4210134559.0,55726.80275661408,57129.527161489845,78876.07613903683,50280.98455981206,53915.341148762265,44305.269259138426,66921.98202154355,58643.912140492444,55275.312766384006,43748.756992257295,47193.01069415778,46578.260279391485
201606,10726317930.0,7885535578.0,84814850277.0,4937397517.0,4103012628.0,12742181729.5,2768162.0,2212422.0,618.0,666.0,729.0,537.0,608.0,681.0,0.013290378711380774,0.9356434840316218,0.010265644617117342,0.0042602856536357115,0.002461042691574474,0.012233340447545144,0.0036784839901385902,0.0,0.01474359502444766,0.0034237448325385132,0.037955680519344816,0.07717589293463714,0.02102655815197036,0.024928823347970263,0.05210907591191552,0.11294953847408946,1470.0,748.0,0.2546661262861897,2606.0115060160647,0.032235906491304235,21070.89912509973,347371582.5,2406134452.5,18058960652.0,29029370487.0,32522030321.0,25427302750.5,13161249176.0,4256876238.0,55523.63533058722,56785.29101749694,77918.21049052685,50248.8011117494,53291.20431851109,44179.82044418005,66455.82143512291,58070.836387030366,55029.457138090824,43622.1304296028,47052.19317306458,46698.66154803609
201609,11018060629.0,8088011538.5,84854245170.0,4896861614.0,4229064768.0,13080380426.5,2745206.0,2210306.0,618.0,669.0,732.0,551.0,620.0,689.0,0.013351037018718584,0.9342700622400467,0.011589922809600353,0.004722188419740553,0.0028348562816907187,0.012098767989017285,0.0032202820100016216,0.0,0.014573119265459022,0.0033397639657251547,0.03915014919818518,0.07621887686059463,0.01997120882526142,0.023994553708456094,0.05018393998263779,0.1130117140175212,1406.0,701.0,0.2533973401400995,2560.4174308122238,0.03314922985834342,20346.298697750055,374210726.0,2420630841.5,18301011527.5,29306803355.0,32675428302.5,25514341952.0,13264642973.0,4309554468.5,55746.513439259106,56643.46295762787,77643.65693195928,50536.60944162778,53620.45888081104,44424.97729521171,66109.76053666118,58574.51578030536,55379.86402922833,43920.41388561707,46998.874169248855,47288.51551580163
201612,11221954661.0,8435610898.0,85913777336.5,4822790248.0,4273961572.5,13389911369.0,2733139.0,2225706.0,623.0,673.0,738.0,543.0,612.0,684.0,0.013912036267513622,0.9354603738557812,0.01046013531251524,0.0048750196499672445,0.002923303988908895,0.011788168093902741,0.0028870036618765145,0.0,0.015029963497342393,0.002663995672192181,0.0412927884221827,0.07608604809548199,0.018042801626898527,0.021386015915324543,0.05167584938551761,0.11502201930669105,1327.0,682.0,0.24909785832850975,2510.657337755964,0.033792455158018785,19613.456610711222,357754775.0,2464432738.0,18715418622.5,29832274818.5,33020524908.5,25797074413.0,13489452631.5,4381073178.0,56224.75415446637,57399.05248102101,78282.60871355199,51153.28029980439,53558.641892563355,44408.67292059295,66554.58834096353,58674.47652952245,55392.70371484103,44080.098657599054,47470.735925075474,48094.59736743994
201703,11322960370.5,8285465264.5,87312757921.5,4690207505.5,4201719238.0,13739075787.5,2708832.0,2216740.0,612.0,661.0,727.0,537.0,607.0,681.0,0.011942855024113604,0.9374605904061873,0.01064594358576458,0.0041514998298580914,0.002891390630390469,0.011983718471963296,0.0031298695548536435,0.0,0.015177423240638916,0.0026167092562300563,0.04154857785475281,0.0793379954553064,0.0187462845289068,0.020961111717277728,0.053350121772224895,0.11287396827018922,1309.0,716.0,0.24660167519587528,2481.3279953708993,0.03368079056611999,20298.318957965614,362925471.0,2526239727.0,18877469604.0,30239030013.5,33358220412.0,26035011980.5,13689519797.5,4463769082.0,57049.35669734055,58830.79750446026,79930.59892700765,51805.10286662764,54207.25523956244,44717.53378626775,67494.56682652052,59911.84658773312,56221.28396738131,43856.414610274056,47918.566936621224,49051.72319960768
201706,11542265007.5,8485383321.5,88038433402.0,4644314227.5,4319452151.0,13734268435.5,2678030.0,2180491.0,617.0,666.0,730.0,544.0,614.0,685.0,0.01222120702700611,0.9374370290974691,0.011342840625467554,0.004187932457843227,0.0026808402202553954,0.011134638121452389,0.002969016709307972,0.0,0.015300318140500615,0.0027261776006976806,0.04269657629414813,0.07896630554122692,0.016998448679415086,0.01959312721804847,0.05009957835738507,0.1154220722381191,1453.0,758.0,0.24474998086645688,2470.747425752102,0.0333676776594839,19147.711326784236,352181611.5,2481413826.0,19047864693.0,30577700256.0,33634039387.0,26223951124.5,13883792291.5,4563173355.5,57380.81943031715,59144.224273713684,80160.7161578166,52036.38761015693,54127.187895232295,45006.51803567651,67706.67647818621,60364.25131246845,56704.405403818775,44038.24120543535,48118.21994902638,49718.88098672822
201709,11739211891.0,8692492882.0,88543032786.0,4597665988.0,4448592976.0,13853970551.0,2607391.0,2125133.0,624.0,671.0,733.0,551.0,620.0,692.0,0.01170655683374476,0.9377161938975803,0.011864081631368734,0.004590689521539664,0.0027521008767065285,0.01076528312764142,0.002585742837066682,0.0,0.01547807914033163,0.0025412721340202942,0.04353819232037576,0.07910386005881805,0.015749530805776662,0.018720222766212827,0.049122435942991066,0.11564053706497589,1263.0,659.0,0.24483383966556108,2440.054418191176,0.03541831342975354,17839.773784541147,367045292.0,2485404849.5,19318540355.5,31012155923.0,33728188133.0,26329740059.0,13977480785.0,4656411677.0,58693.73725939456,60638.65424885688,81756.88880416022,53440.54942889183,55097.569122400026,46312.09358261894,68799.94222760365,61236.61538461538,57602.412428937685,45712.709762916165,49560.60897868542,50529.508273497966
201712,11834025869.0,8971317591.5,89659577073.0,4520024491.5,4448371263.5,14009056009.5,2553474.0,2117698.0,620.0,669.0,732.0,552.0,622.0,691.0,0.011921376494622186,0.94183646863556,0.010916000985406881,0.004416884407478672,0.0027836583395750027,0.01036002467351759,0.0024261543423179407,0.0,0.015327641900972524,1.1790220549185938e-05,0.04241302609577725,0.0773870904044006,0.01227509572238912,0.016130482066437715,0.04809027918944068,0.11000111281266842,1279.0,532.0,0.23426009772963238,2366.952738283307,0.03532737833713217,17544.43348181426,391695155.0,2513753612.5,19641918848.5,31505922861.0,33883525528.5,26598963939.5,14146146709.5,4760445643.5,59826.00030934657,62434.52882574996,83745.73324761647,54743.10924352724,55510.83034649586,47147.84386396527,69318.98976130266,63088.47527360131,58005.7381928654,46381.79833396487,50231.911727389066,51828.244881083636
201803,11882006705.5,8764815763.0,90487344526.0,4493128994.0,4385014142.5,14310833445.0,2524439.0,2125467.0,623.0,669.0,732.0,537.0,606.0,682.0,0.0131430057174111,0.9418168078006746,0.01013499715877138,0.003956468154717571,0.002765627929857168,0.009970900318024582,0.0023625228985237993,0.0,0.015849586056593677,8.396542620831851e-08,0.04471354874375517,0.08218766651558652,0.01201358646001206,0.015174474534571976,0.05113082859344507,0.10663357007576438,1245.0,661.0,0.21696226522806417,2308.164328703998,0.03465100889452257,17294.079270182327,305045401.5,2599191290.0,19722305930.0,31759525426.5,33970881017.0,26806059759.0,14273888313.0,4886246439.0,60100.62035525293,62498.907468002224,84605.07839789962,54824.96645968987,56016.64795674717,47334.92157517345,69880.46683005025,63190.80966499417,58398.3426682558,46515.13351990888,50468.46980803366,51988.5510883147
201806,12070793591.0,8924778798.5,90768355038.0,4392735395.0,4458854842.0,14301130306.5,2465034.0,2108668.0,626.0,671.0,734.0,552.0,621.0,692.0,0.011905823570752134,0.9446340048553118,0.009437188657945893,0.003919200235493968,0.002500498745510743,0.009375869372117073,0.002295573056829663,0.0,0.01593176736025951,7.41457792677315e-08,0.04280950317013833,0.08038880068608346,0.010824157941263582,0.014618186784728926,0.04962560799596445,0.10903517809996259,1333.0,584.0,0.21455733846558817,2300.2897434309834,0.032598678816139405,17291.98894782169,338510528.5,2534898634.0,19820045320.5,32025990288.0,33966833990.0,26936326899.0,14354468987.0,4939573324.0,60121.997377507076,63016.03187396352,84898.63115568283,54574.84298334309,56129.859375886525,47694.92950125697,69008.03024979286,64412.09425547997,57831.25432433634,47066.86225454901,50007.700953596715,52233.986670880535
201809,12296078888.5,9094860374.5,92100578567.0,4305584183.0,4586072898.5,14671022359.0,2394699.0,2084087.0,628.0,675.0,736.0,555.0,624.0,693.0,0.00945127841246211,0.9440596198862256,0.011395235900127806,0.004225399448052142,0.002812370264292263,0.009798761739849783,0.0021410340240864737,0.0,0.016116294341869314,5.983034568299934e-09,0.04437347824031082,0.08099524106663349,0.01071678007192947,0.012282714203755705,0.04881473625794786,0.11482627415304589,1276.0,540.0,0.21369614103951678,2318.5678565081566,0.03382143475726798,17679.850243549237,363917063.0,2575109286.0,20288865898.0,32709980275.5,34306300060.0,27271730528.0,14478241877.5,5060052282.5,61023.82294884085,63584.39533552095,85593.03486119112,55542.37300792851,57008.58734488782,48169.81410756604,69846.6471365368,65221.458897944896,59250.16945828514,47598.18414267559,51187.41294286277,52921.79879748897
201812,12403240321.0,9430751795.0,92315978387.5,4278868927.5,4666515702.5,14853006892.5,2355425.0,2092629.0,625.0,671.0,733.0,552.0,623.0,696.0,0.01332502475204127,0.9403103941825125,0.011157579647157412,0.0045034147914196415,0.002899760574356122,0.009597391256088042,0.0019988883843943643,0.0,0.016207413971168483,1.3244086215794673e-07,0.04588921082471704,0.07881166959500073,0.010219124738515896,0.012965529077894382,0.04956219623906859,0.1139790903116623,1173.0,531.0,0.20939157596015578,2333.353883954049,0.03559747869318182,16509.270063845175,345989780.0,2619992139.0,20399734194.5,33023540976.5,34339487470.5,27419043583.5,14632566091.5,5168007790.5,61234.180586825285,63899.06629822186,85155.21737144131,55961.775797472365,57157.75254250755,48514.96864650672,70114.57493987346,66201.68843320725,58296.56423695758,48091.464762742726,51550.13634672619,53343.87520640687
201903,12240460163.5,9153055988.0,92964661713.0,4200211191.0,4646601482.0,15139800087.5,2327942.0,2093312.0,616.0,663.0,728.0,538.0,607.0,683.0,0.009289467667659063,0.9461586938196286,0.010078516911991605,0.0038407799534735825,0.0028959312937628006,0.009151107250085515,0.0018427008949763264,0.0,0.016742675655048722,1.2655337379097645e-07,0.049120725729977575,0.08509894302200131,0.009937310828409275,0.012431099800857609,0.05192725639043731,0.10834750947962278,1257.0,559.0,0.20792782195817194,2346.946986863963,0.0345504088161,16264.025597050397,343504685.5,2702845472.5,20454196442.0,33196115217.5,34244168299.0,27482657366.5,14689979632.5,5231323509.5,61405.54558229607,63625.05607405474,85371.35575059948,56326.85007526804,57029.04703358973,48612.448597995484,70143.15598909263,65845.16803664273,58967.001611686945,48206.193855049736,51622.663425148916,53641.28047040097
201906,12378485250.0,9364251170.0,94553848556.5,4137734774.0,4764974160.0,15084193781.5,2315402.0,2114445.0,600.0,655.0,722.0,549.0,621.0,694.0,0.008292244287895174,0.9484546206437641,0.010190702220340688,0.0036241691190073925,0.0027746519950701026,0.00823999046514952,0.001648813444158407,0.0,0.016774687290115026,1.2053449966345737e-07,0.048897426201642884,0.08398940318043605,0.008685700545644718,0.012101655793561988,0.05148217907649682,0.10748186386258272,1451.0,550.0,0.2076178907090638,2302.8039706577497,0.032471156395205515,15755.081860186183,342946062.0,2625845964.5,20704081089.5,33754271729.5,34611069246.0,27903015364.0,14966963645.5,5375294591.0,62085.718334880126,64794.62825339132,86284.3503614056,56961.18203175102,57279.796332309794,49030.63750614641,70914.55379621143,67130.03024054982,59604.43786248727,48578.66196985072,52117.57118480396,54479.45131552367
201909,12573133577.0,9500436222.5,95006727480.0,4053567945.5,4894153424.5,15286836376.0,2237953.0,2094784.0,624.0,673.0,737.0,553.0,626.0,697.0,0.009760541485543797,0.9440787730237277,0.01165321668201721,0.004282709686754382,0.0027598808626992754,0.00862654353839887,0.001710512995653443,0.0,0.01712770449053812,1.1723466720473595e-07,0.049781666293992,0.08453176650962987,0.009454068862534828,0.012567148666288466,0.05069069121496642,0.10760743829132485,1171.0,497.0,0.20492123092948675,2278.6180687312394,0.03258689419210831,16509.015864954905,343742218.0,2668018115.5,20846904402.5,34061965319.5,34844878072.0,28031831442.5,15049997207.5,5467518248.0,62363.04851560214,64819.13242542431,86274.37521851128,57635.844636006594,57251.8808023835,49448.345252364794,71180.11771074783,67585.0454278872,59810.27111330383,48719.26241178051,52371.91830613677,55078.03043596434
201912,12694906863.0,9967452365.0,96367307160.5,3963035746.0,4965972192.0,15385588277.5,2249630.0,2189235.0,631.0,679.0,739.0,548.0,620.0,695.0,0.010499260763283615,0.9437996528765484,0.010588239709969718,0.004314526467714669,0.002934293342887257,0.008707359292419775,0.0017627075225049792,0.0,0.017393644874283413,3.151503881588868e-07,0.051582239717610126,0.08547468689106698,0.009566771103861326,0.012286923111694789,0.05234202004166197,0.10902536618980443,1255.0,601.0,0.2040516853209829,2319.970608797355,0.03474311979195611,15720.169236000907,323903899.0,2703762475.0,21217975635.5,34627808872.0,35172300478.5,28380514678.5,15344639207.0,5573357358.5,62724.84051412361,65263.04563748438,86516.19821375018,58390.22207921748,57311.98319915996,49813.69977132831,71169.48881581925,68376.52929292929,59752.64700394323,49077.490480821834,52756.19087311106,55251.58745947341
202003,12776842941.5,9577488182.5,97312389502.5,3897418318.5,4935433021.0,15662202627.5,2237918.0,2207211.0,630.0,677.0,738.0,544.0,619.0,694.0,0.008584465778044044,0.9472450915581133,0.010043491335221692,0.003508438609514764,0.0026695255110806043,0.008313940234015686,0.0018552730760575645,0.0,0.017779296985815304,4.769121370340008e-07,0.0530188090752622,0.09232101921207461,0.009110449625504509,0.012063541082265788,0.05379720945867538,0.10556074958429407,1151.0,537.0,0.2034313287862015,2370.483519970385,0.03438177518262228,15253.02728499071,309098503.5,2763122603.0,21343127451.0,34947715197.5,35223713120.5,28460163697.5,15451329385.5,5663504635.0,63077.9317875434,65741.88856385218,87092.36710291864,58877.93974737112,57386.361182737324,50004.37900504687,71312.69091445785,68689.75987062769,60164.13860206804,49342.59823234169,52846.40993031168,55697.05116752902
202006,12836847624.0,8785142441.5,98310404847.5,3782828597.5,4885234979.5,15764010753.0,2126262.0,2054142.0,642.0,696.0,752.0,552.0,620.0,692.0,0.012892954220383772,0.953092952143913,0.005771437985184156,0.0024075689144463985,0.0013232361709338161,0.004966403501218599,0.001534970901510413,0.0,0.018010235954412805,2.402079970358181e-07,0.0508958908477264,0.09932822493325534,0.007413447179172445,0.011999078686778908,0.05724827284124297,0.0729403503978947,834.0,184.0,0.19684640709895038,2331.8635728775994,0.024574750054024493,12866.719406708182,336660886.5,2692004486.5,21394969844.0,35074325018.5,35227367248.0,28432384075.5,15482590113.5,5724167570.5,63667.08088811858,66466.22263584255,87597.15363585045,59671.21939154893,57583.16531211778,50173.40297095967,72674.31337801361,69186.57214419251,60727.16123305,49982.42540722227,53092.46537052815,56415.8540429469
202009,13022592152.5,8661975839.5,99513266416.0,3643903801.0,4879825878.5,15857916767.5,2030199.0,1972827.0,653.0,708.0,760.0,561.0,633.0,705.0,0.012378434570012467,0.9556891416213726,0.005792773003085182,0.0019709750427382784,0.0010511325572895415,0.004503096323395664,0.0011482216485336429,0.0,0.01746594037543355,2.84858139048486e-07,0.050040026967664804,0.09789443421594064,0.006203477840023392,0.011915907875527366,0.05636672738916457,0.06829677692719673,759.0,136.0,0.19462467360733535,2347.1746983085895,0.021812106356551657,13214.239568635356,317909155.0,2728544946.5,21827868763.0,35545942083.5,35392385476.5,28436105772.0,15524553439.5,5806171219.0,64007.15822900293,67124.72983633456,87509.12895926769,60244.30124651067,57976.36968251976,50576.041572365364,72411.22538531001,69833.97370796124,60485.13707350635,49988.7472567981,53119.375110346045,56992.31381562059
202012,13142175635.0,8837737642.0,101231912596.0,3517636569.5,4898117649.5,15793128545.5,1960993.0,1917446.0,654.0,709.0,760.0,558.0,629.0,701.0,0.010564737843783653,0.9585700764231276,0.005521401575958423,0.002038413417472608,0.0011572084721115272,0.0042100684750210355,0.001078249646668471,0.0,0.0168595366347857,3.0751107099527493e-07,0.049779456093838756,0.09589555855023196,0.0055687043052298785,0.011610515666718025,0.057429276229964514,0.06636535696397178,736.0,139.0,0.19110028382931676,2316.110075750298,0.021359403884437245,12746.996878209078,350096852.5,2746401711.5,22300175215.0,36253477417.0,35646007820.5,28565963653.5,15668912598.0,5889673369.5,64670.74259023021,67868.06104219401,88036.06534531043,61229.61112817068,58392.97789484498,51366.09944515269,72893.06410158575,70908.16420027422,61010.86712247545,50696.150978874015,53582.563290302685,57902.44881757746
202103,13213204216.0,8250146527.0,102244926627.5,3353583658.0,4797465999.5,16204055450.5,1912948.0,1887301.0,652.0,706.0,758.0,565.0,634.0,707.0,0.00851617550465658,0.9618359707484021,0.005116010507256879,0.0017417001738255342,0.0010324971369757724,0.0042833845268400025,0.0009731492661321763,0.0,0.01650082874713988,2.8338877106291193e-07,0.05022666422550053,0.10193908765712761,0.005292872686696671,0.011043688417210196,0.06096524624259612,0.06165333626213759,688.0,92.0,0.18904479741956842,2326.0640403791117,0.021279692031183777,13103.291285304023,479378587.0,2815573027.5,22550294806.5,36532052122.5,35671392995.5,28504314197.0,15687095577.0,5823281165.5,65096.654619488276,68342.90738068348,88277.87335120644,61775.94908765538,58454.95483408791,51462.5742126213,73350.9672628162,71597.2323420953,61650.90273864365,50978.51235733234,53794.399877448275,58723.92830945955
202106,13486307543.0,8409851983.5,105252026617.5,3234346682.5,4875304701.5,16065445564.5,1914099.0,2062600.0,647.0,699.0,754.0,565.0,634.0,703.0,0.008124574208771804,0.9653367846949656,0.004387127727027907,0.0013433765633788005,0.0006990442834586031,0.003759577973551096,0.0007800319295732372,0.0,0.015569248838328761,2.3378094419465683e-07,0.04650338422880796,0.09539585822366811,0.004421022520459783,0.010673725450271053,0.05759649072059132,0.05842894510652276,724.0,92.0,0.18760415216209783,2342.9143864719917,0.018805854083943373,13351.286803876934,484034613.5,2795579916.0,23268612192.0,37764241611.0,36368883806.5,28869109610.0,15857623505.5,5915197838.0,66784.71712329704,71197.54673972144,91873.45593502413,63033.48348026774,59886.40047972692,52407.77768149712,75065.006914181,73220.06135085314,62965.2710517429,51715.984132292826,54837.603115233724,59870.97524073363
202109,13734816029.0,8580196597.5,107008345231.0,3169603005.0,4944211823.0,16202254402.5,1871876.0,2139896.0,645.0,694.0,749.0,569.0,634.0,701.0,0.007441776158440917,0.9658280407607035,0.005289020607546045,0.0017638489490382002,0.0007414508903027366,0.0036095450465482406,0.00065667011008973,0.0,0.014669411629666465,2.3584766414968084e-07,0.04328384819605653,0.09074529332193428,0.00424002449547794,0.009964082394602601,0.05561779548375956,0.054919312639770776,607.0,102.0,0.18520831792542514,2333.1879870644943,0.018926379389207416,12986.942836401106,522870467.5,2793116347.5,23801602537.0,38660877262.0,36819575338.5,29055636808.5,15941442895.0,6044305432.0,68096.06309324993,72410.22974842768,93810.65378515185,64028.377844598705,61293.78942478544,53414.79522806093,76500.52278430037,74550.72160782646,64270.211143561886,52619.087032732066,55896.01003537972,61096.93363841947
